timeStamp,elapsed,label,responseCode,responseMessage,threadName,dataType,success,failureMessage,bytes,sentBytes,grpThreads,allThreads,URL,Latency,IdleTime,Connect
1725794283327,382,HTTP Requests,200,OK,Users 1-1,text,true,,4757,119,1,1,https://www.blazedemo.com/,376,0,103
1725794284330,333,HTTP Requests,200,OK,Users 1-2,text,true,,4757,119,1,1,https://www.blazedemo.com/,330,0,72
1725794285328,313,HTTP Requests,200,OK,Users 1-3,text,true,,4757,119,1,1,https://www.blazedemo.com/,307,0,60
1725794286329,312,HTTP Requests,200,OK,Users 1-4,text,true,,4757,119,1,1,https://www.blazedemo.com/,306,0,63
1725794287326,341,HTTP Requests,200,OK,Users 1-5,text,true,,4757,119,1,1,https://www.blazedemo.com/,338,0,58
1725794288327,365,HTTP Requests,200,OK,Users 1-6,text,true,,4757,119,1,1,https://www.blazedemo.com/,363,0,70
1725794289327,319,HTTP Requests,200,OK,Users 1-7,text,true,,4757,119,1,1,https://www.blazedemo.com/,314,0,64
1725794290340,329,HTTP Requests,200,OK,Users 1-8,text,true,,4757,119,1,1,https://www.blazedemo.com/,324,0,70
1725794291328,341,HTTP Requests,200,OK,Users 1-9,text,true,,4761,119,1,1,https://www.blazedemo.com/,336,0,64
1725794292327,344,HTTP Requests,200,OK,Users 1-10,text,true,,4757,119,1,1,https://www.blazedemo.com/,339,0,62
